{
    "animation": [
        {
            "name": "Root",
            "time": [0.0, 0.1667, 0.3167, 0.4167, 0.5667],
            "transform": [
                [0.755944, 0.023147, -0.654227, -0.00849, -0.654561, 0.01158, -0.75592, -0.039762, -0.009922, 0.999665, 0.023905, 0.735654, 0.0, 0.0, 0.0, 1.0],
                [0.755944, 0.023147, -0.654227, -0.00849, -0.654561, 0.01158, -0.75592, -0.039762, -0.009922, 0.999665, 0.023905, 0.735654, 0.0, 0.0, 0.0, 1.0],
                [0.755944, 0.023147, -0.654227, -0.00849, -0.654561, 0.01158, -0.75592, -0.039762, -0.009922, 0.999665, 0.023905, 0.735654, 0.0, 0.0, 0.0, 1.0],
                [0.765612, 0.023557, -0.642871, -0.007736, -0.643204, 0.010513, -0.765623, -0.036143, -0.011277, 0.999667, 0.023201, 0.737257, 0.0, 0.0, 0.0, 1.0],
                [0.854339, 0.028643, -0.518927, -5e-06, -0.51914, 0.0, -0.854689, 0.000946, -0.024481, 0.99959, 0.01487, 0.753683, 0.0, 0.0, 0.0, 1.0]
            ]
        },
        {
            "name": "Thigh_R",
            "time": [0.0, 0.1667, 0.3167, 0.4167, 0.5667],
            "transform": [
                [0.964472, 0.263886, 0.012553, 0.124994, 0.263992, -0.960865, -0.083942, -0.002831, -0.010089, 0.084274, -0.996392, -1.2e-05, 0.0, 0.0, 0.0, 1.0],
                [0.966655, 0.256026, 0.005357, 0.121135, 0.255917, -0.965068, -0.056117, 0.003868, -0.009197, 0.055618, -0.99841, -0.004449, 0.0, 0.0, 0.0, 1.0],
                [0.979405, 0.200762, -0.021425, 0.106376, 0.201621, -0.97812, 0.051282, 0.02949, -0.010661, -0.054545, -0.998455, -0.021421, 0.0, 0.0, 0.0, 1.0],
                [0.983866, 0.177561, -0.021885, 0.108031, 0.178458, -0.982679, 0.049946, 0.026617, -0.012638, -0.053046, -0.998513, -0.019518, 0.0, 0.0, 0.0, 1.0],
                [0.992811, 0.117851, -0.020883, 0.124994, 0.118536, -0.99232, 0.035348, -0.002831, -0.016557, -0.037569, -0.999157, -1.2e-05, 0.0, 0.0, 0.0, 1.0]
            ]
        },
        {
            "name": "Leg_R",
            "time": [0.0, 0.1667, 0.3167, 0.4167, 0.5667],
            "transform": [
                [1.0, -0.0, 1e-06, 0.0, 0.0, 0.997612, 0.069073, 0.37472, -1e-06, -0.069073, 0.997611, -0.0, 0.0, 0.0, 0.0, 1.0],
                [1.0, -0.0, 1e-06, 0.0, 0.0, 0.991941, 0.126702, 0.37472, -1e-06, -0.126702, 0.99194, 0.0, 0.0, 0.0, 0.0, 1.0],
                [1.0, -0.0, 1e-06, 0.0, 0.0, 0.939715, 0.341961, 0.37472, -1e-06, -0.341962, 0.939713, 0.0, 0.0, 0.0, 0.0, 1.0],
                [1.0, -0.0, 1e-06, 0.0, 0.0, 0.947911, 0.318537, 0.37472, -1e-06, -0.318538, 0.94791, 0.0, 0.0, 0.0, 0.0, 1.0],
                [1.0, -0.0, 1e-06, 0.0, 0.0, 0.997612, 0.069073, 0.37472, -1e-06, -0.069073, 0.997611, -0.0, 0.0, 0.0, 0.0, 1.0]
            ]
        },
        {
            "name": "Knee_R",
            "time": [0.0, 0.1667, 0.3167, 0.4167, 0.5667],
            "transform": [
                [1.0, 0.0, -0.0, 0.0, -0.0, 1e-06, -1.0, 0.37472, -0.0, 1.0, 1e-06, -0.0, 0.0, 0.0, 0.0, 1.0],
                [1.0, 0.0, -0.0, 0.0, -0.0, 1e-06, -1.0, 0.37472, -0.0, 1.0, 1e-06, 0.0, 0.0, 0.0, 0.0, 1.0],
                [1.0, 0.0, -0.0, 0.0, -0.0, 1e-06, -1.0, 0.37472, -0.0, 1.0, 1e-06, 0.0, 0.0, 0.0, 0.0, 1.0],
                [1.0, 0.0, -0.0, 0.0, -0.0, 1e-06, -1.0, 0.37472, -0.0, 1.0, 1e-06, 0.0, 0.0, 0.0, 0.0, 1.0],
                [1.0, 0.0, -0.0, 0.0, -0.0, 1e-06, -1.0, 0.37472, -0.0, 1.0, 1e-06, -0.0, 0.0, 0.0, 0.0, 1.0]
            ]
        },
        {
            "name": "Thigh_L",
            "time": [0.0, 0.1667, 0.3167, 0.4167, 0.5667],
            "transform": [
                [0.850728, -0.264592, -0.45415, -0.142855, -0.146367, -0.949132, 0.278792, 0.038363, -0.504815, -0.170703, -0.846181, -0.023617, 0.0, 0.0, 0.0, 1.0],
                [0.852268, -0.256564, -0.455864, -0.141844, -0.139377, -0.951334, 0.274842, 0.036029, -0.504193, -0.170702, -0.846551, -0.02228, 0.0, 0.0, 0.0, 1.0],
                [0.860994, -0.202923, -0.466381, -0.135146, -0.092748, -0.964229, 0.248313, 0.020572, -0.500086, -0.170539, -0.849016, -0.013422, 0.0, 0.0, 0.0, 1.0],
                [0.863899, -0.180059, -0.470378, -0.132317, -0.072912, -0.968785, 0.236935, 0.014043, -0.498358, -0.170392, -0.850062, -0.009681, 0.0, 0.0, 0.0, 1.0],
                [0.869242, -0.120567, -0.479458, -0.125006, -0.021407, -0.978077, 0.207141, -0.002831, -0.493921, -0.169792, -0.852767, -1.2e-05, 0.0, 0.0, 0.0, 1.0]
            ]
        },
        {
            "name": "Leg_L",
            "time": [0.0, 0.1667, 0.3167, 0.4167, 0.5667],
            "transform": [
                [0.998576, 0.053235, -0.003397, 0.0, -0.051599, 0.980121, 0.191569, 0.37472, 0.013527, -0.191121, 0.981474, 0.0, 0.0, 0.0, 0.0, 1.0],
                [0.998576, 0.053235, -0.003397, 0.0, -0.051599, 0.980122, 0.191569, 0.37472, 0.013527, -0.191121, 0.981474, 0.0, 0.0, 0.0, 0.0, 1.0],
                [0.998576, 0.053235, -0.003397, -0.0, -0.051599, 0.980121, 0.191569, 0.37472, 0.013527, -0.191121, 0.981474, -0.0, 0.0, 0.0, 0.0, 1.0],
                [0.998576, 0.053235, -0.003397, -0.0, -0.051599, 0.980122, 0.191569, 0.37472, 0.013527, -0.191121, 0.981474, -0.0, 0.0, 0.0, 0.0, 1.0],
                [0.998576, 0.053235, -0.003397, 0.0, -0.051599, 0.980122, 0.191569, 0.37472, 0.013527, -0.191121, 0.981474, 0.0, 0.0, 0.0, 0.0, 1.0]
            ]
        },
        {
            "name": "Knee_L",
            "time": [0.0, 0.1667, 0.3167, 0.4167, 0.5667],
            "transform": [
                [1.0, 0.0, -0.0, 0.0, -0.0, 1e-06, -1.0, 0.37472, -0.0, 1.0, 1e-06, 0.0, 0.0, 0.0, 0.0, 1.0],
                [1.0, 0.0, -0.0, 0.0, -0.0, 1e-06, -1.0, 0.37472, -0.0, 1.0, 1e-06, 0.0, 0.0, 0.0, 0.0, 1.0],
                [1.0, 0.0, -0.0, -0.0, -0.0, 1e-06, -1.0, 0.37472, -0.0, 1.0, 1e-06, -0.0, 0.0, 0.0, 0.0, 1.0],
                [1.0, 0.0, -0.0, -0.0, -0.0, 1e-06, -1.0, 0.37472, -0.0, 1.0, 1e-06, -0.0, 0.0, 0.0, 0.0, 1.0],
                [1.0, 0.0, -0.0, 0.0, -0.0, 1e-06, -1.0, 0.37472, -0.0, 1.0, 1e-06, 0.0, 0.0, 0.0, 0.0, 1.0]
            ]
        },
        {
            "name": "Torso",
            "time": [0.0, 0.1667, 0.3167, 0.4167, 0.5667],
            "transform": [
                [0.988623, -0.043673, 0.143938, -0.0, 0.043406, 0.999045, 0.005001, 0.05, -0.144019, 0.001304, 0.989574, -0.0, 0.0, 0.0, 0.0, 1.0],
                [0.989788, -0.043673, 0.135689, -0.0, 0.043446, 0.999045, 0.004639, 0.05, -0.135762, 0.001304, 0.990741, -0.0, 0.0, 0.0, 0.0, 1.0],
                [0.995773, -0.043673, 0.080806, -0.0, 0.043636, 0.999045, 0.002232, 0.05, -0.080826, 0.001304, 0.996727, -0.0, 0.0, 0.0, 0.0, 1.0],
                [0.997388, -0.043673, 0.057531, 0.0, 0.043676, 0.999045, 0.001212, 0.05, -0.057529, 0.001304, 0.998343, 0.0, 0.0, 0.0, 0.0, 1.0],
                [0.999042, -0.043673, -0.002705, 0.0, 0.04367, 0.999045, -0.001423, 0.05, 0.002765, 0.001304, 0.999995, -0.0, 0.0, 0.0, 0.0, 1.0]
            ]
        },
        {
            "name": "Chest",
            "time": [0.0, 0.1667, 0.3167, 0.4167, 0.5667],
            "transform": [
                [0.909625, 0.098439, 0.403599, 0.0, -0.083775, 0.995027, -0.05388, 0.3, -0.406895, 0.015199, 0.913348, 0.0, 0.0, 0.0, 0.0, 1.0],
                [0.903206, 0.114371, 0.413688, -0.0, -0.077126, 0.991402, -0.105701, 0.3, -0.42222, 0.063564, 0.904262, 0.0, 0.0, 0.0, 0.0, 1.0],
                [0.876756, 0.055565, 0.477715, 0.0, -0.033702, 0.99796, -0.054223, 0.3, -0.479753, 0.03144, 0.87684, 0.0, 0.0, 0.0, 0.0, 1.0],
                [0.897776, 0.02802, 0.43956, 0.0, -0.022351, 0.999587, -0.018068, 0.3, -0.439884, 0.006397, 0.898032, -0.0, 0.0, 0.0, 0.0, 1.0],
                [0.999771, -0.021316, -0.002029, 0.0, 0.021411, 0.994316, 0.104295, 0.3, -0.000206, -0.104315, 0.994544, 0.0, 0.0, 0.0, 0.0, 1.0]
            ]
        },
        {
            "name": "Head",
            "time": [0.0, 0.1667, 0.3167, 0.4167, 0.5667],