{
    "animation": [
        {
            "name": "Root",
            "time": [0.0, 0.15, 0.2, 0.3667, 0.4667],
            "transform": [
                [0.854339, 0.028643, -0.518927, -5e-06, -0.51914, 0.0, -0.854689, 0.000946, -0.024481, 0.99959, 0.01487, 0.753683, 0.0, 0.0, 0.0, 1.0],
                [0.859271, 0.023782, -0.510968, 0.001327, -0.511421, 0.020212, -0.859093, -0.007082, -0.010103, 0.999513, 0.02953, 0.724519, 0.0, 0.0, 0.0, 1.0],
                [0.878925, 0.013133, -0.476779, 0.005372, -0.47666, 0.059618, -0.877064, -0.022717, 0.016906, 0.998135, 0.05866, 0.667722, 0.0, 0.0, 0.0, 1.0],
                [0.946051, 0.039805, -0.321562, 0.012663, -0.319948, -0.042016, -0.946503, 0.07269, -0.051186, 0.998324, -0.027013, 0.768256, 0.0, 0.0, 0.0, 1.0],
                [0.948241, 0.028643, -0.316257, 0.008409, -0.316387, -0.0, -0.94863, 0.071543, -0.027172, 0.99959, 0.009062, 0.733457, 0.0, 0.0, 0.0, 1.0]
            ]
        },
        {
            "name": "Thigh_R",
            "time": [0.0, 0.15, 0.2, 0.3667, 0.4667],
            "transform": [
                [0.992811, 0.117851, -0.020883, 0.124994, 0.118536, -0.99232, 0.035348, -0.002831, -0.016557, -0.037569, -0.999157, -1.2e-05, 0.0, 0.0, 0.0, 1.0],
                [0.983047, 0.181861, -0.023319, 0.125453, 0.182728, -0.982223, 0.042987, -0.003297, -0.015086, -0.046519, -0.998804, 0.000813, 0.0, 0.0, 0.0, 1.0],
                [0.952117, 0.304075, -0.031808, 0.127302, 0.305462, -0.950498, 0.056974, -0.005171, -0.012909, -0.063962, -0.997869, 0.00413, 0.0, 0.0, 0.0, 1.0],
                [0.97514, 0.219105, -0.033078, 0.134548, 0.214635, -0.971059, -0.104766, -0.01252, -0.055076, 0.095062, -0.993947, 0.017137, 0.0, 0.0, 0.0, 1.0],
                [0.97514, 0.219105, -0.033078, 0.134548, 0.214635, -0.971059, -0.104766, -0.01252, -0.055076, 0.095062, -0.993947, 0.017137, 0.0, 0.0, 0.0, 1.0]
            ]
        },
        {
            "name": "Leg_R",
            "time": [0.0, 0.15, 0.2, 0.3667, 0.4667],
            "transform": [
                [1.0, -0.0, 1e-06, 0.0, 0.0, 0.997612, 0.069073, 0.37472, -1e-06, -0.069073, 0.997611, -0.0, 0.0, 0.0, 0.0, 1.0],
                [1.0, -0.0, 1e-06, 0.0, 0.0, 0.974668, 0.223658, 0.37472, -1e-06, -0.223659, 0.974667, -0.0, 0.0, 0.0, 0.0, 1.0],
                [1.0, -1e-06, 1e-06, -0.0, 0.0, 0.862241, 0.506499, 0.37472, -1e-06, -0.506499, 0.86224, -0.0, 0.0, 0.0, 0.0, 1.0],
                [1.0, -0.0, 1e-06, -0.0, 0.0, 0.997612, 0.069073, 0.37472, -1e-06, -0.069073, 0.997611, -0.0, 0.0, 0.0, 0.0, 1.0],
                [1.0, -0.0, 1e-06, -0.0, 0.0, 0.997612, 0.069073, 0.37472, -1e-06, -0.069073, 0.997611, 0.0, 0.0, 0.0, 0.0, 1.0]
            ]
        },
        {
            "name": "Knee_R",
            "time": [0.0, 0.15, 0.3667, 0.4667],
            "transform": [
                [1.0, 0.0, -0.0, 0.0, -0.0, 1e-06, -1.0, 0.37472, -0.0, 1.0, 1e-06, -0.0, 0.0, 0.0, 0.0, 1.0],
                [1.0, 0.0, -0.0, 0.0, -0.0, 1e-06, -1.0, 0.37472, -0.0, 1.0, 1e-06, -0.0, 0.0, 0.0, 0.0, 1.0],
                [1.0, 0.0, -0.0, -0.0, -0.0, 1e-06, -1.0, 0.37472, -0.0, 1.0, 1e-06, -0.0, 0.0, 0.0, 0.0, 1.0],
                [1.0, 0.0, -0.0, -0.0, -0.0, 1e-06, -1.0, 0.37472, -0.0, 1.0, 1e-06, 0.0, 0.0, 0.0, 0.0, 1.0]
            ]
        },
        {
            "name": "Thigh_L",
            "time": [0.0, 0.15, 0.2, 0.3667, 0.4667],
            "transform": [
                [0.869242, -0.120567, -0.479458, -0.125006, -0.021407, -0.978077, 0.207141, -0.002831, -0.493921, -0.169792, -0.852767, -1.2e-05, 0.0, 0.0, 0.0, 1.0],
                [0.863772, -0.230364, -0.448141, -0.125537, -0.074321, -0.937894, 0.338866, -0.003278, -0.498371, -0.259397, -0.827248, -0.000546, 0.0, 0.0, 0.0, 1.0],
                [0.836085, -0.426091, -0.345554, -0.128913, -0.172003, -0.801725, 0.572409, -0.007688, -0.520937, -0.419146, -0.7436, -0.004366, 0.0, 0.0, 0.0, 1.0],
                [0.86424, -0.236248, -0.444156, -0.150236, -0.100793, -0.946289, 0.307208, -0.042015, -0.492877, -0.220734, -0.841634, -0.030255, 0.0, 0.0, 0.0, 1.0],
                [0.86424, -0.236248, -0.444156, -0.141182, -0.100793, -0.946289, 0.307208, -0.022939, -0.492877, -0.220734, -0.841634, -0.018039, 0.0, 0.0, 0.0, 1.0]
            ]
        },
        {
            "name": "Leg_L",
            "time": [0.0, 0.15, 0.2, 0.3667, 0.4667],
            "transform": [
                [0.998576, 0.053235, -0.003397, 0.0, -0.051599, 0.980122, 0.191569, 0.37472, 0.013527, -0.191121, 0.981474, 0.0, 0.0, 0.0, 0.0, 1.0],
                [0.998576, 0.053318, 0.001626, -0.0, -0.051599, 0.957758, 0.282907, 0.37472, 0.013527, -0.282588, 0.959146, -0.0, 0.0, 0.0, 0.0, 1.0],
                [0.998576, 0.052125, 0.011335, -0.0, -0.051599, 0.88999, 0.453051, 0.37472, 0.013527, -0.452991, 0.891413, -0.0, 0.0, 0.0, 0.0, 1.0],
                [0.998576, 0.053235, -0.003397, -0.0, -0.051599, 0.980121, 0.191569, 0.37472, 0.013527, -0.191121, 0.981474, 0.0, 0.0, 0.0, 0.0, 1.0],
                [0.998576, 0.053235, -0.003397, 0.0, -0.051599, 0.980122, 0.191569, 0.37472, 0.013527, -0.191121, 0.981474, 0.0, 0.0, 0.0, 0.0, 1.0]
            ]
        },
        {
            "name": "Knee_L",
            "time": [0.0, 0.15, 0.3667, 0.4667],
            "transform": [
                [1.0, 0.0, -0.0, 0.0, -0.0, 1e-06, -1.0, 0.37472, -0.0, 1.0, 1e-06, 0.0, 0.0, 0.0, 0.0, 1.0],
                [1.0, 0.0, -0.0, -0.0, -0.0, 1e-06, -1.0, 0.37472, -0.0, 1.0, 1e-06, -0.0, 0.0, 0.0, 0.0, 1.0],
                [1.0, 0.0, -0.0, -0.0, -0.0, 1e-06, -1.0, 0.37472, -0.0, 1.0, 1e-06, 0.0, 0.0, 0.0, 0.0, 1.0],
                [1.0, 0.0, -0.0, 0.0, -0.0, 1e-06, -1.0, 0.37472, -0.0, 1.0, 1e-06, 0.0, 0.0, 0.0, 0.0, 1.0]
            ]
        },
        {
            "name": "Torso",
            "time": [0.0, 0.15, 0.3667, 0.4667],
            "transform": [
                [0.999042, -0.043673, -0.002705, 0.0, 0.04367, 0.999045, -0.001423, 0.05, 0.002765, 0.001304, 0.999995, -0.0, 0.0, 0.0, 0.0, 1.0],
                [0.999043, -0.043673, 0.002182, 0.0, 0.043676, 0.999045, -0.00121, 0.05, -0.002127, 0.001304, 0.999997, -0.0, 0.0, 0.0, 0.0, 1.0],
                [0.991716, -0.043673, 0.120796, -0.0, 0.043511, 0.999045, 0.003985, 0.05, -0.120855, 0.001304, 0.992669, -0.0, 0.0, 0.0, 0.0, 1.0],
                [0.991716, -0.043673, 0.120796, -0.0, 0.043511, 0.999045, 0.003985, 0.05, -0.120855, 0.001304, 0.992669, -0.0, 0.0, 0.0, 0.0, 1.0]
            ]
        },
        {
            "name": "Chest",
            "time": [0.0, 0.15, 0.2, 0.3667, 0.4667],
            "transform": [
                [0.999771, -0.021316, -0.002029, 0.0, 0.021411, 0.994316, 0.104295, 0.3, -0.000206, -0.104315, 0.994544, 0.0, 0.0, 0.0, 0.0, 1.0],
                [0.999763, -0.020915, -0.006122, 0.0, 0.021587, 0.988938, 0.146747, 0.3, 0.002985, -0.146844, 0.989155, -0.0, 0.0, 0.0, 0.0, 1.0],
                [0.999612, -0.018882, -0.02049, 0.0, 0.023069, 0.973264, 0.228526, 0.3, 0.015627, -0.22891, 0.973322, 0.0, 0.0, 0.0, 0.0, 1.0],
                [0.997466, -0.031682, -0.063697, 0.0, 0.028234, 0.998124, -0.054323, 0.3, 0.065298, 0.052387, 0.99649, 0.0, 0.0, 0.0, 0.0, 1.0],
                [0.997466, -0.021316, -0.067873, 0.0, 0.028234, 0.994316, 0.102659, 0.3, 0.065298, -0.104315, 0.992398, -0.0, 0.0, 0.0, 0.0, 1.0]
            ]
        },
        {
            "name": "Head",
            "time": [0.0, 0.15, 0.2, 0.3667, 0.4667],