{
    "animation": [
        {
            "name": "Root",
            "time": [0.0, 0.2333, 0.4833, 0.8833],
            "transform": [
                [0.948241, 0.028643, -0.316257, 0.008409, -0.316387, -0.0, -0.94863, 0.071543, -0.027172, 0.99959, 0.009062, 0.733457, 0.0, 0.0, 0.0, 1.0],
                [0.937381, 0.028643, -0.347126, 0.007177, -0.347268, -0.0, -0.937766, 0.061209, -0.026861, 0.99959, 0.009947, 0.736418, 0.0, 0.0, 0.0, 1.0],
                [0.861928, 0.018095, -0.506708, -0.003609, -0.506988, 0.043732, -0.860843, 0.01382, 0.006582, 0.998879, 0.046868, 0.732522, 0.0, 0.0, 0.0, 1.0],
                [0.854339, 0.028643, -0.518927, -5e-06, -0.51914, 0.0, -0.854689, 0.000946, -0.024481, 0.99959, 0.01487, 0.753683, 0.0, 0.0, 0.0, 1.0]
            ]
        },
        {
            "name": "Thigh_R",
            "time": [0.0, 0.2333, 0.4833, 0.8833],
            "transform": [
                [0.97514, 0.219105, -0.033078, 0.134548, 0.214635, -0.971059, -0.104766, -0.01252, -0.055076, 0.095062, -0.993947, 0.017137, 0.0, 0.0, 0.0, 1.0],
                [0.978374, 0.204322, -0.032199, 0.133149, 0.201043, -0.975951, -0.084268, -0.011102, -0.048642, 0.075973, -0.995923, 0.014627, 0.0, 0.0, 0.0, 1.0],
                [0.992198, 0.122746, -0.021805, 0.125457, 0.123344, -0.991952, 0.02859, -0.0033, -0.01812, -0.031056, -0.999354, 0.000819, 0.0, 0.0, 0.0, 1.0],
                [0.992811, 0.117851, -0.020883, 0.124994, 0.118536, -0.99232, 0.035348, -0.002831, -0.016557, -0.037569, -0.999157, -1.2e-05, 0.0, 0.0, 0.0, 1.0]
            ]
        },
        {
            "name": "Leg_R",
            "time": [0.0, 0.2333, 0.4833, 0.8833],
            "transform": [
                [1.0, -0.0, 1e-06, -0.0, 0.0, 0.997612, 0.069073, 0.37472, -1e-06, -0.069073, 0.997611, 0.0, 0.0, 0.0, 0.0, 1.0],
                [1.0, -0.0, 1e-06, 0.0, 0.0, 0.997612, 0.069073, 0.37472, -1e-06, -0.069073, 0.997611, -0.0, 0.0, 0.0, 0.0, 1.0],
                [1.0, -0.0, 1e-06, -0.0, 0.0, 0.997612, 0.069073, 0.37472, -1e-06, -0.069073, 0.997611, 0.0, 0.0, 0.0, 0.0, 1.0],
                [1.0, -0.0, 1e-06, 0.0, 0.0, 0.997612, 0.069073, 0.37472, -1e-06, -0.069073, 0.997611, -0.0, 0.0, 0.0, 0.0, 1.0]
            ]
        },
        {
            "name": "Knee_R",
            "time": [0.0, 0.2333, 0.4833, 0.8833],
            "transform": [
                [1.0, 0.0, -0.0, -0.0, -0.0, 1e-06, -1.0, 0.37472, -0.0, 1.0, 1e-06, 0.0, 0.0, 0.0, 0.0, 1.0],
                [1.0, 0.0, -0.0, 0.0, -0.0, 1e-06, -1.0, 0.37472, -0.0, 1.0, 1e-06, -0.0, 0.0, 0.0, 0.0, 1.0],
                [1.0, 0.0, -0.0, -0.0, -0.0, 1e-06, -1.0, 0.37472, -0.0, 1.0, 1e-06, 0.0, 0.0, 0.0, 0.0, 1.0],
                [1.0, 0.0, -0.0, 0.0, -0.0, 1e-06, -1.0, 0.37472, -0.0, 1.0, 1e-06, -0.0, 0.0, 0.0, 0.0, 1.0]
            ]
        },
        {
            "name": "Thigh_L",
            "time": [0.0, 0.2333, 0.4833, 0.8833],
            "transform": [
                [0.86424, -0.236248, -0.444156, -0.141182, -0.100793, -0.946289, 0.307208, -0.022939, -0.492877, -0.220734, -0.841634, -0.018039, 0.0, 0.0, 0.0, 1.0],
                [0.865572, -0.219592, -0.45007, -0.138814, -0.089222, -0.951976, 0.292882, -0.019996, -0.492771, -0.213354, -0.843597, -0.0154, 0.0, 0.0, 0.0, 1.0],
                [0.869222, -0.149763, -0.471193, -0.134164, -0.025261, -0.965228, 0.260186, 0.027179, -0.493775, -0.214256, -0.842781, -0.014695, 0.0, 0.0, 0.0, 1.0],
                [0.869242, -0.120567, -0.479458, -0.125006, -0.021407, -0.978077, 0.207141, -0.002831, -0.493921, -0.169792, -0.852767, -1.2e-05, 0.0, 0.0, 0.0, 1.0]
            ]
        },
        {
            "name": "Leg_L",
            "time": [0.0, 0.2333, 0.4833, 0.8833],
            "transform": [
                [0.998576, 0.053235, -0.003397, 0.0, -0.051599, 0.980122, 0.191569, 0.37472, 0.013527, -0.191121, 0.981474, 0.0, 0.0, 0.0, 0.0, 1.0],
                [0.998576, 0.053235, -0.003397, -0.0, -0.051599, 0.980121, 0.191569, 0.37472, 0.013527, -0.191121, 0.981474, 0.0, 0.0, 0.0, 0.0, 1.0],
                [0.998576, 0.053154, 0.004483, 0.0, -0.051599, 0.941204, 0.333873, 0.37472, 0.013527, -0.333629, 0.942608, 0.0, 0.0, 0.0, 0.0, 1.0],
                [0.998576, 0.053235, -0.003397, 0.0, -0.051599, 0.980122, 0.191569, 0.37472, 0.013527, -0.191121, 0.981474, 0.0, 0.0, 0.0, 0.0, 1.0]
            ]
        },
        {
            "name": "Knee_L",
            "time": [0.0, 0.2333, 0.4833, 0.8833],
            "transform": [
                [1.0, 0.0, -0.0, 0.0, -0.0, 1e-06, -1.0, 0.37472, -0.0, 1.0, 1e-06, 0.0, 0.0, 0.0, 0.0, 1.0],
                [1.0, 0.0, -0.0, -0.0, -0.0, 1e-06, -1.0, 0.37472, -0.0, 1.0, 1e-06, 0.0, 0.0, 0.0, 0.0, 1.0],
                [1.0, 0.0, -0.0, 0.0, -0.0, 1e-06, -1.0, 0.37472, -0.0, 1.0, 1e-06, 0.0, 0.0, 0.0, 0.0, 1.0],
                [1.0, 0.0, -0.0, 0.0, -0.0, 1e-06, -1.0, 0.37472, -0.0, 1.0, 1e-06, 0.0, 0.0, 0.0, 0.0, 1.0]
            ]
        },
        {
            "name": "Torso",
            "time": [0.0, 0.2333, 0.4833, 0.8833],
            "transform": [
                [0.991716, -0.043673, 0.120796, -0.0, 0.043511, 0.999045, 0.003985, 0.05, -0.120855, 0.001304, 0.992669, -0.0, 0.0, 0.0, 0.0, 1.0],
                [0.993743, -0.043673, 0.102795, -0.0, 0.043576, 0.999045, 0.003196, 0.05, -0.102837, 0.001304, 0.994697, -0.0, 0.0, 0.0, 0.0, 1.0],
                [0.99904, -0.043673, 0.003293, -0.0, 0.043677, 0.999045, -0.001161, 0.05, -0.003239, 0.001304, 0.999994, -0.0, 0.0, 0.0, 0.0, 1.0],
                [0.999042, -0.043673, -0.002705, 0.0, 0.04367, 0.999045, -0.001423, 0.05, 0.002765, 0.001304, 0.999995, -0.0, 0.0, 0.0, 0.0, 1.0]
            ]
        },
        {
            "name": "Chest",
            "time": [0.0, 0.2333, 0.4833, 0.8833],
            "transform": [
                [0.997466, -0.021316, -0.067873, 0.0, 0.028234, 0.994316, 0.102659, 0.3, 0.065298, -0.104315, 0.992398, -0.0, 0.0, 0.0, 0.0, 1.0],
                [0.998075, -0.015597, -0.060032, 0.0, 0.027242, 0.979747, 0.198377, 0.3, 0.055722, -0.199631, 0.978286, 0.0, 0.0, 0.0, 0.0, 1.0],
                [0.999759, -0.020162, -0.008669, 0.0, 0.021745, 0.963482, 0.266888, 0.3, 0.002972, -0.267012, 0.963689, -0.0, 0.0, 0.0, 0.0, 1.0],
                [0.999771, -0.021316, -0.002029, 0.0, 0.021411, 0.994316, 0.104295, 0.3, -0.000206, -0.104315, 0.994544, 0.0, 0.0, 0.0, 0.0, 1.0]
            ]
        },
        {
            "name": "Head",
            "time": [0.0, 0.2333, 0.4833, 0.8833],
            "transform": [
                [0.947111, 0.037721, 0.31868, -0.0, -0.019866, 0.998055, -0.059094, 0.4, -0.320289, 0.049637, 0.946018, -0.0, 0.0, 0.0, 0.0, 1.0],
                [0.936213, 0.037721, 0.349403, -0.0, -0.017928, 0.998055, -0.05971, 0.4, -0.350975, 0.049637, 0.935068, 0.0, 0.0, 0.0, 0.0, 1.0],
                [0.858679, 0.037721, 0.511123, -0.0, -0.006966, 0.998055, -0.061953, 0.4, -0.512466, 0.049637, 0.857272, 0.0, 0.0, 0.0, 0.0, 1.0],
                [0.85311, 0.037721, 0.520365, -0.0, -0.006297, 0.998055, -0.062025, 0.4, -0.521692, 0.049637, 0.851689, -0.0, 0.0, 0.0, 0.0, 1.0]
            ]
        },
        {
            "name": "Shoulder_R",
            "time": [0.0, 0.2333, 0.4833, 0.8833],
            "transform": [
                [0.110305, 0.993313, 0.034074, -0.0, 0.091141, -0.044248, 0.994854, 0.4, 0.98971, -0.106631, -0.095412, -0.0, 0.0, 0.0, 0.0, 1.0],
                [0.110305, 0.991605, 0.067467, -0.0, 0.091141, -0.077687, 0.992803, 0.4, 0.98971, -0.103362, -0.098945, 0.0, 0.0, 0.0, 0.0, 1.0],
                [0.110305, 0.962185, 0.249063, -0.0, 0.091141, -0.259328, 0.961479, 0.4, 0.98971, -0.083356, -0.116299, 0.0, 0.0, 0.0, 0.0, 1.0],
                [0.110305, 0.959352, 0.259762, -0.0, 0.091141, -0.270019, 0.958532, 0.4, 0.98971, -0.082056, -0.11722, -0.0, 0.0, 0.0, 0.0, 1.0]
            ]
        },
        {
            "name": "Arm_R",
            "time": [0.0, 0.2333, 0.4833, 0.65, 0.8833],