{
    "animation": [
        {
            "name": "Root",
            "time": [0.0, 0.2, 0.4667, 0.9333],
            "transform": [
                [0.826927, 0.045422, -0.560471, -0.048461, -0.486692, -0.441415, -0.753846, -0.024458, -0.281641, 0.896153, -0.342912, 0.136368, 0.0, 0.0, 0.0, 1.0],
                [0.851005, 0.025336, -0.524545, -0.044249, -0.504434, -0.23838, -0.829892, -0.031052, -0.146068, 0.970841, -0.190083, 0.254306, 0.0, 0.0, 0.0, 1.0],
                [0.863282, -0.092849, -0.496108, -0.004373, -0.471102, 0.204507, -0.858044, -0.061675, 0.181126, 0.974452, 0.132807, 0.51697, 0.0, 0.0, 0.0, 1.0],
                [0.854339, 0.028643, -0.518927, -5e-06, -0.51914, 0.0, -0.854689, 0.000946, -0.024481, 0.99959, 0.01487, 0.753683, 0.0, 0.0, 0.0, 1.0]
            ]
        },
        {
            "name": "Thigh_R",
            "time": [0.0, 0.2, 0.4667, 0.9333],
            "transform": [
                [0.911997, -0.283597, -0.296366, 0.124994, 0.179623, -0.373439, 0.910099, -0.002831, -0.368776, -0.883242, -0.289636, -1.2e-05, 0.0, 0.0, 0.0, 1.0],
                [0.911998, -0.403841, -0.07192, 0.124994, 0.179623, 0.235547, 0.95512, -0.002831, -0.368776, -0.883985, 0.287357, -1.2e-05, 0.0, 0.0, 0.0, 1.0],
                [0.952066, -0.185766, -0.243024, 0.124994, 0.170943, -0.335735, 0.926316, -0.002831, -0.25367, -0.923457, -0.287887, -1.2e-05, 0.0, 0.0, 0.0, 1.0],
                [0.992811, 0.117851, -0.020883, 0.124994, 0.118536, -0.99232, 0.035348, -0.002831, -0.016557, -0.037569, -0.999157, -1.2e-05, 0.0, 0.0, 0.0, 1.0]
            ]
        },
        {
            "name": "Leg_R",
            "time": [0.0, 0.2, 0.4667, 0.9333],
            "transform": [
                [1.0, -0.0, 1e-06, -0.0, 0.0, 0.987561, 0.157239, 0.37472, -1e-06, -0.157239, 0.98756, -0.0, 0.0, 0.0, 0.0, 1.0],
                [1.0, -1e-06, 0.0, -0.0, -0.0, -0.414564, 0.91002, 0.37472, -1e-06, -0.910021, -0.414563, -0.0, 0.0, 0.0, 0.0, 1.0],
                [1.0, -0.0, 1e-06, 0.0, -0.0, 0.77303, 0.63437, 0.37472, -1e-06, -0.634371, 0.773028, 0.0, 0.0, 0.0, 0.0, 1.0],
                [1.0, -0.0, 1e-06, 0.0, 0.0, 0.997612, 0.069073, 0.37472, -1e-06, -0.069073, 0.997611, -0.0, 0.0, 0.0, 0.0, 1.0]
            ]
        },
        {
            "name": "Knee_R",
            "time": [0.0, 0.2, 0.4667, 0.9333],
            "transform": [
                [1.0, 0.0, -0.0, -0.0, -0.0, 1e-06, -1.0, 0.37472, -0.0, 1.0, 1e-06, -0.0, 0.0, 0.0, 0.0, 1.0],
                [1.0, 0.0, -0.0, -0.0, -0.0, 1e-06, -1.0, 0.37472, -0.0, 1.0, 1e-06, -0.0, 0.0, 0.0, 0.0, 1.0],
                [1.0, 0.0, -0.0, 0.0, -0.0, 1e-06, -1.0, 0.37472, -0.0, 1.0, 1e-06, 0.0, 0.0, 0.0, 0.0, 1.0],
                [1.0, 0.0, -0.0, 0.0, -0.0, 1e-06, -1.0, 0.37472, -0.0, 1.0, 1e-06, -0.0, 0.0, 0.0, 0.0, 1.0]
            ]
        },
        {
            "name": "Thigh_L",
            "time": [0.0, 0.2, 0.4667, 0.9333],
            "transform": [
                [0.724837, -0.67909, 0.115963, -0.125006, -0.00526, 0.162865, 0.986634, -0.002831, -0.688899, -0.71576, 0.114478, -1.2e-05, 0.0, 0.0, 0.0, 1.0],
                [0.512364, -0.799726, 0.312922, -0.110635, -0.487382, 0.029221, 0.872699, -0.032333, -0.707064, -0.599653, -0.374801, 0.012005, 0.0, 0.0, 0.0, 1.0],
                [0.585089, -0.802378, 0.117732, -0.112623, -0.513692, -0.254351, 0.819405, -0.028254, -0.627527, -0.539903, -0.560994, 0.010343, 0.0, 0.0, 0.0, 1.0],
                [0.869242, -0.120567, -0.479458, -0.125006, -0.021407, -0.978077, 0.207141, -0.002831, -0.493921, -0.169792, -0.852767, -1.2e-05, 0.0, 0.0, 0.0, 1.0]
            ]
        },
        {
            "name": "Leg_L",
            "time": [0.0, 0.2, 0.4667, 0.9333],
            "transform": [
                [0.998576, -0.003585, 0.053223, -0.0, -0.0516, -0.317925, 0.946711, 0.37472, 0.013527, -0.948109, -0.317658, 0.0, 0.0, 0.0, 0.0, 1.0],
                [0.998576, -0.003585, 0.053223, -0.0, -0.0516, -0.317925, 0.946711, 0.37472, 0.013527, -0.948109, -0.317658, 0.0, 0.0, 0.0, 0.0, 1.0],
                [0.998576, 0.007977, 0.052744, 0.0, -0.0516, -0.106282, 0.992997, 0.37472, 0.013527, -0.994304, -0.105719, 0.0, 0.0, 0.0, 0.0, 1.0],
                [0.998576, 0.053235, -0.003397, 0.0, -0.051599, 0.980122, 0.191569, 0.37472, 0.013527, -0.191121, 0.981474, 0.0, 0.0, 0.0, 0.0, 1.0]
            ]
        },
        {
            "name": "Knee_L",
            "time": [0.0, 0.2, 0.4667, 0.9333],
            "transform": [
                [1.0, 0.0, -0.0, -0.0, -1e-06, 0.754007, -0.656866, 0.37472, -0.0, 0.656866, 0.754007, 0.0, 0.0, 0.0, 0.0, 1.0],
                [1.0, 0.0, -0.0, -0.0, -0.0, 0.754008, -0.656866, 0.37472, -0.0, 0.656866, 0.754007, 0.0, 0.0, 0.0, 0.0, 1.0],
                [1.0, 0.0, -0.0, 0.0, -1e-06, 0.673013, -0.739631, 0.37472, 0.0, 0.739631, 0.673013, 0.0, 0.0, 0.0, 0.0, 1.0],
                [1.0, 0.0, -0.0, 0.0, -0.0, 1e-06, -1.0, 0.37472, -0.0, 1.0, 1e-06, 0.0, 0.0, 0.0, 0.0, 1.0]
            ]
        },
        {
            "name": "Torso",
            "time": [0.0, 0.2, 0.4667, 0.9333],
            "transform": [
                [0.893001, -0.219167, 0.393083, 0.0, 0.115002, 0.95554, 0.271511, 0.05, -0.435112, -0.197255, 0.878503, -0.0, 0.0, 0.0, 0.0, 1.0],
                [0.91061, 0.127579, 0.393083, 0.0, -0.247508, 0.930065, 0.271511, 0.05, -0.330953, -0.344532, 0.878503, -0.0, 0.0, 0.0, 0.0, 1.0],
                [0.943026, 0.103082, 0.316348, 0.0, -0.199715, 0.935831, 0.290404, 0.05, -0.266113, -0.337038, 0.9031, 0.0, 0.0, 0.0, 0.0, 1.0],
                [0.999042, -0.043673, -0.002705, 0.0, 0.04367, 0.999045, -0.001423, 0.05, 0.002765, 0.001304, 0.999995, -0.0, 0.0, 0.0, 0.0, 1.0]
            ]
        },
        {
            "name": "Chest",
            "time": [0.0, 0.2, 0.4667, 0.65, 0.9333],
            "transform": [
                [0.999941, -0.008003, -0.007352, 0.0, 0.009915, 0.948803, 0.315711, 0.3, 0.004449, -0.315765, 0.948827, 0.0, 0.0, 0.0, 0.0, 1.0],
                [0.999941, -0.008003, -0.007352, 0.0, 0.009915, 0.948803, 0.315711, 0.3, 0.004449, -0.315765, 0.948827, -0.0, 0.0, 0.0, 0.0, 1.0],
                [0.999928, -0.009671, -0.007122, 0.0, 0.011439, 0.947535, 0.319447, 0.3, 0.003659, -0.319505, 0.947578, 0.0, 0.0, 0.0, 0.0, 1.0],
                [0.999875, -0.014628, -0.005959, 0.0, 0.015713, 0.959588, 0.280972, 0.3, 0.001608, -0.28103, 0.959698, -0.0, 0.0, 0.0, 0.0, 1.0],
                [0.999771, -0.021316, -0.002029, 0.0, 0.021411, 0.994316, 0.104295, 0.3, -0.000206, -0.104315, 0.994544, 0.0, 0.0, 0.0, 0.0, 1.0]
            ]
        },
        {
            "name": "Head",
            "time": [0.0, 0.2, 0.4667, 0.9333],
            "transform": [
                [0.995725, 0.037721, 0.084313, -0.0, -0.033349, 0.998055, -0.052674, 0.4, -0.086135, 0.049637, 0.995046, 0.0, 0.0, 0.0, 0.0, 1.0],
                [0.981512, -0.171831, 0.084313, -0.0, 0.176594, 0.982873, -0.052674, 0.4, -0.073818, 0.066589, 0.995046, -0.0, 0.0, 0.0, 0.0, 1.0],
                [0.978562, -0.143401, 0.147828, 0.0, 0.152056, 0.987158, -0.048959, 0.4, -0.138908, 0.070388, 0.987801, 0.0, 0.0, 0.0, 0.0, 1.0],
                [0.85311, 0.037721, 0.520365, -0.0, -0.006297, 0.998055, -0.062025, 0.4, -0.521692, 0.049637, 0.851689, -0.0, 0.0, 0.0, 0.0, 1.0]
            ]
        },
        {
            "name": "Shoulder_R",
            "time": [0.0, 0.2, 0.4667, 0.9333],