{
    "animation": [
        {
            "name": "Root",
            "time": [0.0, 0.2, 0.3833, 0.65],
            "transform": [
                [0.854339, 0.028643, -0.518927, -5e-06, -0.51914, 0.0, -0.854689, 0.000946, -0.024481, 0.99959, 0.01487, 0.753683, 0.0, 0.0, 0.0, 1.0],
                [0.825764, 0.139039, -0.546609, -0.019216, -0.519047, -0.19187, -0.832932, -0.009126, -0.220688, 0.971522, -0.086272, 0.508938, 0.0, 0.0, 0.0, 1.0],
                [0.854081, 0.0698, -0.515435, -0.017754, -0.382906, -0.586312, -0.713878, 0.001928, -0.352035, 0.807073, -0.474031, 0.183744, 0.0, 0.0, 0.0, 1.0],
                [0.826927, 0.045422, -0.560471, -0.048461, -0.486692, -0.441415, -0.753846, -0.024458, -0.281641, 0.896153, -0.342912, 0.136368, 0.0, 0.0, 0.0, 1.0]
            ]
        },
        {
            "name": "Thigh_R",
            "time": [0.0, 0.2, 0.3833, 0.65],
            "transform": [
                [0.992811, 0.117851, -0.020883, 0.124994, 0.118536, -0.99232, 0.035348, -0.002831, -0.016557, -0.037569, -0.999157, -1.2e-05, 0.0, 0.0, 0.0, 1.0],
                [0.9023, -0.05862, -0.427104, 0.112145, 0.300437, -0.62501, 0.720486, 0.018148, -0.309179, -0.778412, -0.546336, -0.014694, 0.0, 0.0, 0.0, 1.0],
                [0.9106, -0.279261, -0.304664, 0.116652, 0.276474, -0.136325, 0.951303, 0.01079, -0.307195, -0.950488, -0.04693, -0.009544, 0.0, 0.0, 0.0, 1.0],
                [0.911997, -0.283597, -0.296366, 0.124994, 0.179623, -0.373439, 0.910099, -0.002831, -0.368776, -0.883242, -0.289636, -1.2e-05, 0.0, 0.0, 0.0, 1.0]
            ]
        },
        {
            "name": "Leg_R",
            "time": [0.0, 0.2, 0.65],
            "transform": [
                [1.0, -0.0, 1e-06, 0.0, 0.0, 0.997612, 0.069073, 0.37472, -1e-06, -0.069073, 0.997611, -0.0, 0.0, 0.0, 0.0, 1.0],
                [1.0, -1e-06, -0.0, -0.0, 0.0, -0.081467, 0.996675, 0.37472, -1e-06, -0.996677, -0.081467, 0.0, 0.0, 0.0, 0.0, 1.0],
                [1.0, -0.0, 1e-06, -0.0, 0.0, 0.987561, 0.157239, 0.37472, -1e-06, -0.157239, 0.98756, -0.0, 0.0, 0.0, 0.0, 1.0]
            ]
        },
        {
            "name": "Knee_R",
            "time": [0.0, 0.2, 0.65],
            "transform": [
                [1.0, 0.0, -0.0, 0.0, -0.0, 1e-06, -1.0, 0.37472, -0.0, 1.0, 1e-06, -0.0, 0.0, 0.0, 0.0, 1.0],
                [1.0, 0.0, -0.0, -0.0, -0.0, 0.284596, -0.958648, 0.37472, -0.0, 0.958648, 0.284596, 0.0, 0.0, 0.0, 0.0, 1.0],
                [1.0, 0.0, -0.0, -0.0, -0.0, 1e-06, -1.0, 0.37472, -0.0, 1.0, 1e-06, -0.0, 0.0, 0.0, 0.0, 1.0]
            ]
        },
        {
            "name": "Thigh_L",
            "time": [0.0, 0.65],
            "transform": [
                [0.869242, -0.120567, -0.479458, -0.125006, -0.021407, -0.978077, 0.207141, -0.002831, -0.493921, -0.169792, -0.852767, -1.2e-05, 0.0, 0.0, 0.0, 1.0],
                [0.724837, -0.67909, 0.115963, -0.125006, -0.00526, 0.162865, 0.986634, -0.002831, -0.688899, -0.71576, 0.114478, -1.2e-05, 0.0, 0.0, 0.0, 1.0]
            ]
        },
        {
            "name": "Leg_L",
            "time": [0.0, 0.2, 0.65],
            "transform": [
                [0.998576, 0.053235, -0.003397, 0.0, -0.051599, 0.980122, 0.191569, 0.37472, 0.013527, -0.191121, 0.981474, 0.0, 0.0, 0.0, 0.0, 1.0],
                [0.998576, 0.031066, 0.043363, -0.0, -0.051599, 0.356403, 0.932907, 0.37472, 0.013527, -0.933815, 0.357498, -0.0, 0.0, 0.0, 0.0, 1.0],
                [0.998576, -0.003585, 0.053223, -0.0, -0.0516, -0.317925, 0.946711, 0.37472, 0.013527, -0.948109, -0.317658, 0.0, 0.0, 0.0, 0.0, 1.0]
            ]
        },
        {
            "name": "Knee_L",
            "time": [0.0, 0.65],
            "transform": [
                [1.0, 0.0, -0.0, 0.0, -0.0, 1e-06, -1.0, 0.37472, -0.0, 1.0, 1e-06, 0.0, 0.0, 0.0, 0.0, 1.0],
                [1.0, 0.0, -0.0, -0.0, -1e-06, 0.754007, -0.656866, 0.37472, -0.0, 0.656866, 0.754007, 0.0, 0.0, 0.0, 0.0, 1.0]
            ]
        },
        {
            "name": "Torso",
            "time": [0.0, 0.2, 0.65],
            "transform": [
                [0.999042, -0.043673, -0.002705, 0.0, 0.04367, 0.999045, -0.001423, 0.05, 0.002765, 0.001304, 0.999995, -0.0, 0.0, 0.0, 0.0, 1.0],
                [0.994551, 0.049411, 0.091801, 0.0, -0.043723, 0.997057, -0.062974, 0.05, -0.094642, 0.058617, 0.993784, 0.0, 0.0, 0.0, 0.0, 1.0],
                [0.893001, -0.219167, 0.393083, 0.0, 0.115002, 0.95554, 0.271511, 0.05, -0.435112, -0.197255, 0.878503, -0.0, 0.0, 0.0, 0.0, 1.0]
            ]
        },
        {
            "name": "Chest",
            "time": [0.0, 0.2, 0.65],
            "transform": [
                [0.999771, -0.021316, -0.002029, 0.0, 0.021411, 0.994316, 0.104295, 0.3, -0.000206, -0.104315, 0.994544, 0.0, 0.0, 0.0, 0.0, 1.0],
                [0.989799, 0.142432, -0.003366, 0.0, -0.140351, 0.978857, 0.148799, 0.3, 0.024489, -0.146809, 0.988862, -0.0, 0.0, 0.0, 0.0, 1.0],
                [0.999941, -0.008003, -0.007352, 0.0, 0.009915, 0.948803, 0.315711, 0.3, 0.004449, -0.315765, 0.948827, 0.0, 0.0, 0.0, 0.0, 1.0]
            ]
        },
        {
            "name": "Head",
            "time": [0.0, 0.2, 0.65],
            "transform": [
                [0.85311, 0.037721, 0.520365, -0.0, -0.006297, 0.998055, -0.062025, 0.4, -0.521692, 0.049637, 0.851689, -0.0, 0.0, 0.0, 0.0, 1.0],
                [0.89208, -0.242928, 0.381023, -0.0, 0.158819, 0.957962, 0.238925, 0.4, -0.423048, -0.152627, 0.893161, 0.0, 0.0, 0.0, 0.0, 1.0],
                [0.995725, 0.037721, 0.084313, -0.0, -0.033349, 0.998055, -0.052674, 0.4, -0.086135, 0.049637, 0.995046, 0.0, 0.0, 0.0, 0.0, 1.0]
            ]
        },
        {
            "name": "Shoulder_R",
            "time": [0.0, 0.3833, 0.65],
            "transform": [
                [0.110305, 0.959352, 0.259762, -0.0, 0.091141, -0.270019, 0.958532, 0.4, 0.98971, -0.082056, -0.11722, -0.0, 0.0, 0.0, 0.0, 1.0],
                [0.110305, 0.961785, 0.250603, 0.0, 0.091141, -0.260867, 0.961063, 0.4, 0.98971, -0.08317, -0.116433, -0.0, 0.0, 0.0, 0.0, 1.0],
                [0.110305, 0.849474, 0.515972, -0.0, 0.091141, -0.525598, 0.845837, 0.4, 0.98971, -0.046274, -0.135397, 0.0, 0.0, 0.0, 0.0, 1.0]
            ]
        },
        {
            "name": "Arm_R",
            "time": [0.0, 0.2, 0.3833, 0.65],
            "transform": [
                [0.016005, 0.076948, -0.996907, -0.0, 0.894149, 0.445112, 0.048712, 0.393861, 0.447483, -0.892163, -0.061679, 0.0, 0.0, 0.0, 0.0, 1.0],
                [0.0022, 0.12584, -0.992048, -0.0, 0.669259, 0.736936, 0.094964, 0.393861, 0.743026, -0.664146, -0.082598, 0.0, 0.0, 0.0, 0.0, 1.0],
                [0.003343, 0.341789, -0.939771, 0.0, 0.705649, 0.665079, 0.244395, 0.39386, 0.708553, -0.663965, -0.23896, 0.0, 0.0, 0.0, 0.0, 1.0],
                [-0.002081, -0.03631, -0.999338, 0.0, 0.768135, 0.639806, -0.024847, 0.39386, 0.640285, -0.767678, 0.02656, -0.0, 0.0, 0.0, 0.0, 1.0]
            ]
        },
        {
            "name": "Hand_R",
            "time": [0.0, 0.65],
            "transform": [
                [0.999998, -0.000654, 0.001702, -0.0, 0.000868, 0.99162, -0.129185, 0.3, -0.001603, 0.129186, 0.991619, -0.0, 0.0, 0.0, 0.0, 1.0],
                [0.999998, -0.000843, 0.001617, 0.0, 0.000868, 0.999882, -0.015341, 0.3, -0.001603, 0.015342, 0.999881, -0.0, 0.0, 0.0, 0.0, 1.0]
            ]
        },
        {
            "name": "Tool_R",
            "time": [0.0, 0.65],
            "transform": [
                [0.976086, -0.063799, 0.207812, 0.015054, -0.000916, -0.957162, -0.28955, 0.243316, 0.217254, 0.282258, -0.933781, 0.024459, 0.0, 0.0, 0.0, 1.0],
                [0.976086, -0.063799, 0.207812, 0.015054, -0.000916, -0.957162, -0.28955, 0.243316, 0.217254, 0.282258, -0.933781, 0.024459, 0.0, 0.0, 0.0, 1.0]
            ]
        },
        {
            "name": "Elbow_R",
            "time": [0.0, 0.65],