{
    "animation": [
        {
            "name": "Root",
            "time": [0.0, 0.2, 0.35, 1.25, 1.6],
            "transform": [
                [0.854339, 0.028643, -0.518927, -5e-06, -0.51914, 0.0, -0.854689, 0.000946, -0.024481, 0.99959, 0.01487, 0.753683, 0.0, 0.0, 0.0, 1.0],
                [0.825764, 0.139039, -0.546609, -0.019216, -0.519047, -0.19187, -0.832932, -0.009126, -0.220688, 0.971522, -0.086272, 0.508938, 0.0, 0.0, 0.0, 1.0],
                [0.83712, 0.038271, -0.545678, -0.036862, -0.452173, -0.51298, -0.729652, 0.01049, -0.307846, 0.857547, -0.412121, 0.05652, 0.0, 0.0, 0.0, 1.0],
                [0.83712, 0.038271, -0.545678, -0.036862, -0.452173, -0.51298, -0.729652, 0.01049, -0.307846, 0.857547, -0.412121, 0.05652, 0.0, 0.0, 0.0, 1.0],
                [0.83712, 0.038271, -0.545678, -0.036862, -0.452173, -0.51298, -0.729652, 0.01049, -0.307846, 0.857547, -0.412121, 0.05652, 0.0, 0.0, 0.0, 1.0]
            ]
        },
        {
            "name": "Thigh_R",
            "time": [0.0, 0.2, 0.35, 1.25, 1.6],
            "transform": [
                [0.992811, 0.117851, -0.020883, 0.124994, 0.118536, -0.99232, 0.035348, -0.002831, -0.016557, -0.037569, -0.999157, -1.2e-05, 0.0, 0.0, 0.0, 1.0],
                [0.9023, -0.05862, -0.427104, 0.112145, 0.300437, -0.62501, 0.720486, 0.018148, -0.309179, -0.778412, -0.546336, -0.014694, 0.0, 0.0, 0.0, 1.0],
                [0.990685, -0.092363, -0.100061, 0.125366, 0.118017, 0.215773, 0.969286, 0.023447, -0.067936, -0.972065, 0.224663, -0.084057, 0.0, 0.0, 0.0, 1.0],
                [0.990685, -0.092363, -0.100061, 0.125366, 0.118017, 0.215773, 0.969286, 0.023447, -0.067936, -0.972065, 0.224663, -0.084057, 0.0, 0.0, 0.0, 1.0],
                [0.990685, -0.092363, -0.100061, 0.125366, 0.118017, 0.215773, 0.969286, 0.023447, -0.067936, -0.972065, 0.224663, -0.084057, 0.0, 0.0, 0.0, 1.0]
            ]
        },
        {
            "name": "Leg_R",
            "time": [0.0, 0.2, 0.35, 1.25, 1.6],
            "transform": [
                [1.0, -0.0, 1e-06, 0.0, 0.0, 0.997612, 0.069073, 0.37472, -1e-06, -0.069073, 0.997611, -0.0, 0.0, 0.0, 0.0, 1.0],
                [1.0, -1e-06, -0.0, -0.0, 0.0, -0.081467, 0.996675, 0.37472, -1e-06, -0.996677, -0.081467, 0.0, 0.0, 0.0, 0.0, 1.0],
                [1.0, -1e-06, 0.0, -0.0, -0.0, -0.325775, 0.945447, 0.37472, -1e-06, -0.945448, -0.325775, -0.0, 0.0, 0.0, 0.0, 1.0],
                [1.0, -1e-06, 0.0, -0.0, -0.0, -0.325775, 0.945447, 0.37472, -1e-06, -0.945448, -0.325775, -0.0, 0.0, 0.0, 0.0, 1.0],
                [1.0, -1e-06, 0.0, -0.0, -0.0, -0.325775, 0.945447, 0.37472, -1e-06, -0.945448, -0.325775, -0.0, 0.0, 0.0, 0.0, 1.0]
            ]
        },
        {
            "name": "Knee_R",
            "time": [0.0, 0.2, 0.35, 1.25, 1.6],
            "transform": [
                [1.0, 0.0, -0.0, 0.0, -0.0, 1e-06, -1.0, 0.37472, -0.0, 1.0, 1e-06, -0.0, 0.0, 0.0, 0.0, 1.0],
                [1.0, 0.0, -0.0, -0.0, -0.0, 0.284596, -0.958648, 0.37472, -0.0, 0.958648, 0.284596, 0.0, 0.0, 0.0, 0.0, 1.0],
                [1.0, 0.0, -0.0, -0.0, -0.0, 1e-06, -1.0, 0.37472, -0.0, 1.0, 1e-06, -0.0, 0.0, 0.0, 0.0, 1.0],
                [1.0, 0.0, -0.0, -0.0, -0.0, 1e-06, -1.0, 0.37472, -0.0, 1.0, 1e-06, -0.0, 0.0, 0.0, 0.0, 1.0],
                [1.0, 0.0, -0.0, -0.0, -0.0, 1e-06, -1.0, 0.37472, -0.0, 1.0, 1e-06, -0.0, 0.0, 0.0, 0.0, 1.0]
            ]
        },
        {
            "name": "Thigh_L",
            "time": [0.0, 0.35, 1.25, 1.6],
            "transform": [
                [0.869242, -0.120567, -0.479458, -0.125006, -0.021407, -0.978077, 0.207141, -0.002831, -0.493921, -0.169792, -0.852767, -1.2e-05, 0.0, 0.0, 0.0, 1.0],
                [0.724837, -0.67909, 0.115963, -0.125006, -0.00526, 0.162865, 0.986634, -0.002831, -0.688899, -0.71576, 0.114478, -1.2e-05, 0.0, 0.0, 0.0, 1.0],
                [0.724837, -0.67909, 0.115963, -0.125006, -0.00526, 0.162865, 0.986634, -0.002831, -0.688899, -0.71576, 0.114478, -1.2e-05, 0.0, 0.0, 0.0, 1.0],
                [0.724837, -0.67909, 0.115963, -0.125006, -0.00526, 0.162865, 0.986634, -0.002831, -0.688899, -0.71576, 0.114478, -1.2e-05, 0.0, 0.0, 0.0, 1.0]
            ]
        },
        {
            "name": "Leg_L",
            "time": [0.0, 0.2, 0.35, 1.25, 1.6],
            "transform": [
                [0.998576, 0.053235, -0.003397, 0.0, -0.051599, 0.980122, 0.191569, 0.37472, 0.013527, -0.191121, 0.981474, 0.0, 0.0, 0.0, 0.0, 1.0],
                [0.998576, 0.031066, 0.043363, 0.0, -0.051599, 0.356403, 0.932907, 0.37472, 0.013527, -0.933816, 0.357498, 0.0, 0.0, 0.0, 0.0, 1.0],
                [0.998576, -0.003585, 0.053223, -0.0, -0.0516, -0.317925, 0.946711, 0.37472, 0.013527, -0.948109, -0.317658, 0.0, 0.0, 0.0, 0.0, 1.0],
                [0.998576, -0.003585, 0.053223, -0.0, -0.0516, -0.317925, 0.946711, 0.37472, 0.013527, -0.948109, -0.317658, 0.0, 0.0, 0.0, 0.0, 1.0],
                [0.998576, -0.003585, 0.053223, -0.0, -0.0516, -0.317925, 0.946711, 0.37472, 0.013527, -0.948109, -0.317658, 0.0, 0.0, 0.0, 0.0, 1.0]
            ]
        },
        {
            "name": "Knee_L",
            "time": [0.0, 0.35, 1.25, 1.6],
            "transform": [
                [1.0, 0.0, -0.0, 0.0, -0.0, 1e-06, -1.0, 0.37472, -0.0, 1.0, 1e-06, 0.0, 0.0, 0.0, 0.0, 1.0],
                [1.0, 0.0, -0.0, -0.0, -1e-06, 0.754007, -0.656866, 0.37472, -0.0, 0.656866, 0.754007, 0.0, 0.0, 0.0, 0.0, 1.0],
                [1.0, 0.0, -0.0, -0.0, -1e-06, 0.754007, -0.656866, 0.37472, -0.0, 0.656866, 0.754007, 0.0, 0.0, 0.0, 0.0, 1.0],
                [1.0, 0.0, -0.0, -0.0, -1e-06, 0.754007, -0.656866, 0.37472, -0.0, 0.656866, 0.754007, 0.0, 0.0, 0.0, 0.0, 1.0]
            ]
        },
        {
            "name": "Torso",
            "time": [0.0, 0.2, 0.35, 1.25, 1.6],
            "transform": [
                [0.999042, -0.043673, -0.002705, 0.0, 0.04367, 0.999045, -0.001423, 0.05, 0.002765, 0.001304, 0.999995, -0.0, 0.0, 0.0, 0.0, 1.0],
                [0.986944, 0.132344, 0.091801, 0.0, -0.126885, 0.989917, -0.062974, 0.05, -0.099209, 0.050504, 0.993784, 0.0, 0.0, 0.0, 0.0, 1.0],
                [0.893002, -0.319684, 0.316781, 0.0, 0.115002, 0.842594, 0.526128, 0.05, -0.435112, -0.433403, 0.789202, -0.0, 0.0, 0.0, 0.0, 1.0],
                [0.893002, -0.303086, 0.332696, 0.0, 0.115002, 0.868368, 0.482403, 0.05, -0.435112, -0.392526, 0.810309, -0.0, 0.0, 0.0, 0.0, 1.0],
                [0.893002, -0.319684, 0.316781, 0.0, 0.115002, 0.842594, 0.526128, 0.05, -0.435112, -0.433403, 0.789202, -0.0, 0.0, 0.0, 0.0, 1.0]
            ]
        },
        {
            "name": "Chest",
            "time": [0.0, 0.2, 0.35, 0.6833, 1.25, 1.6],
            "transform": [
                [0.999771, -0.021316, -0.002029, 0.0, 0.021411, 0.994316, 0.104295, 0.3, -0.000206, -0.104315, 0.994544, 0.0, 0.0, 0.0, 0.0, 1.0],
                [0.989799, 0.142432, -0.003366, 0.0, -0.140351, 0.978857, 0.148799, 0.3, 0.024489, -0.146809, 0.988862, 0.0, 0.0, 0.0, 0.0, 1.0],
                [0.999941, -0.009539, -0.005207, 0.0, 0.009915, 0.996916, 0.077843, 0.3, 0.004449, -0.07789, 0.996952, -0.0, 0.0, 0.0, 0.0, 1.0],
                [0.999941, -0.00865, -0.006579, 0.0, 0.009915, 0.973962, 0.226492, 0.3, 0.004449, -0.226544, 0.973991, 0.0, 0.0, 0.0, 0.0, 1.0],
                [0.999941, -0.008835, -0.006329, -0.0, 0.009915, 0.980048, 0.198515, 0.3, 0.004449, -0.198566, 0.980078, 0.0, 0.0, 0.0, 0.0, 1.0],
                [0.999941, -0.009539, -0.005207, 0.0, 0.009915, 0.996916, 0.077843, 0.3, 0.004449, -0.07789, 0.996952, -0.0, 0.0, 0.0, 0.0, 1.0]
            ]
        },
        {
            "name": "Head",
            "time": [0.0, 0.2, 0.35, 0.6833, 1.25, 1.6],