{
    "animation": [
        {
            "name": "Root",
            "time": [0.0, 4.4833, 8.65, 9.5167, 10.8667, 17.6833],
            "transform": [
                [0.998706, 0.028643, -0.042012, 0.006176, -0.042029, -0.0, -0.999116, -0.2236, -0.028618, 0.99959, 0.001204, 0.712159, 0.0, 0.0, 0.0, 1.0],
                [0.998706, 0.028643, -0.042012, 0.007331, -0.042029, -0.0, -0.999116, -0.227467, -0.028618, 0.99959, 0.001204, 0.681583, 0.0, 0.0, 0.0, 1.0],
                [0.998706, 0.028643, -0.042012, 0.006176, -0.042029, -0.0, -0.999116, -0.2236, -0.028618, 0.99959, 0.001204, 0.712159, 0.0, 0.0, 0.0, 1.0],
                [0.998706, 0.028643, -0.042012, 0.006176, -0.042029, -0.0, -0.999116, -0.2236, -0.028618, 0.99959, 0.001204, 0.712159, 0.0, 0.0, 0.0, 1.0],
                [0.998706, 0.028643, -0.042012, 0.006176, -0.042029, -0.0, -0.999116, -0.2236, -0.028618, 0.99959, 0.001204, 0.712159, 0.0, 0.0, 0.0, 1.0],
                [0.998706, 0.028643, -0.042012, 0.006176, -0.042029, -0.0, -0.999116, -0.2236, -0.028618, 0.99959, 0.001204, 0.712159, 0.0, 0.0, 0.0, 1.0]
            ]
        },
        {
            "name": "Thigh_R",
            "time": [0.0, 4.4833, 8.65, 9.5167, 10.8667, 17.6833],
            "transform": [
                [0.994517, 0.085298, -0.060491, 0.122901, 0.104268, -0.852881, 0.511587, 0.047367, -0.007954, -0.515089, -0.8571, -0.022341, 0.0, 0.0, 0.0, 1.0],
                [0.994517, 0.085298, -0.060491, 0.119957, 0.104268, -0.852881, 0.511587, 0.067137, -0.007954, -0.515089, -0.8571, -0.026399, 0.0, 0.0, 0.0, 1.0],
                [0.994517, 0.085298, -0.060491, 0.122901, 0.104268, -0.852881, 0.511587, 0.047367, -0.007954, -0.515089, -0.8571, -0.022341, 0.0, 0.0, 0.0, 1.0],
                [0.994517, 0.070239, -0.077469, 0.122901, 0.104268, -0.722423, 0.683545, 0.047367, -0.007954, -0.687874, -0.725787, -0.022341, 0.0, 0.0, 0.0, 1.0],
                [0.994517, 0.083637, -0.062769, 0.122901, 0.104268, -0.83878, 0.534394, 0.047367, -0.007954, -0.538008, -0.842902, -0.022341, 0.0, 0.0, 0.0, 1.0],
                [0.994517, 0.085298, -0.060491, 0.122901, 0.104268, -0.852881, 0.511587, 0.047367, -0.007954, -0.515089, -0.8571, -0.022341, 0.0, 0.0, 0.0, 1.0]
            ]
        },
        {
            "name": "Leg_R",
            "time": [0.0, 4.4833, 8.65, 9.5167, 10.8667, 17.6833],
            "transform": [
                [0.99995, -0.00326, -0.009421, 0.0, 0.008889, -0.136312, 0.990625, 0.37472, -0.004514, -0.990661, -0.136276, 0.0, 0.0, 0.0, 0.0, 1.0],
                [0.99995, -0.003079, -0.009482, 0.0, 0.008889, -0.155252, 0.987834, 0.37472, -0.004514, -0.987871, -0.155216, 0.0, 0.0, 0.0, 0.0, 1.0],
                [0.99995, -0.00326, -0.009421, 0.0, 0.008889, -0.136312, 0.990625, 0.37472, -0.004514, -0.990661, -0.136276, 0.0, 0.0, 0.0, 0.0, 1.0],
                [0.99995, -0.002648, -0.009611, 0.0, 0.008889, -0.199707, 0.979815, 0.37472, -0.004514, -0.979853, -0.199673, 0.0, 0.0, 0.0, 0.0, 1.0],
                [0.99995, -0.002684, -0.009601, -0.0, 0.008889, -0.196037, 0.980556, 0.37472, -0.004514, -0.980594, -0.196003, -0.0, 0.0, 0.0, 0.0, 1.0],
                [0.99995, -0.00326, -0.009421, 0.0, 0.008889, -0.136312, 0.990625, 0.37472, -0.004514, -0.990661, -0.136276, 0.0, 0.0, 0.0, 0.0, 1.0]
            ]
        },
        {
            "name": "Knee_R",
            "time": [0.0, 8.65, 9.5167, 10.8667, 17.6833],
            "transform": [
                [1.0, 0.0, -0.0, 0.0, -0.0, 0.41612, -0.90931, 0.37472, -0.0, 0.90931, 0.41612, 0.0, 0.0, 0.0, 0.0, 1.0],
                [1.0, 0.0, -0.0, 0.0, -0.0, 0.41612, -0.90931, 0.37472, -0.0, 0.90931, 0.41612, 0.0, 0.0, 0.0, 0.0, 1.0],
                [1.0, 0.0, -0.0, 0.0, -0.0, 0.41612, -0.90931, 0.37472, -0.0, 0.90931, 0.41612, 0.0, 0.0, 0.0, 0.0, 1.0],
                [1.0, 0.0, -0.0, -0.0, -0.0, 0.41612, -0.90931, 0.37472, -0.0, 0.90931, 0.41612, -0.0, 0.0, 0.0, 0.0, 1.0],
                [1.0, 0.0, -0.0, 0.0, -0.0, 0.41612, -0.90931, 0.37472, -0.0, 0.90931, 0.41612, 0.0, 0.0, 0.0, 0.0, 1.0]
            ]
        },
        {
            "name": "Thigh_L",
            "time": [0.0, 4.4833, 8.65, 9.5167, 10.8667, 17.6833],
            "transform": [
                [0.842193, -0.135227, -0.521943, -0.125006, 0.0931, -0.917026, 0.387809, -0.002831, -0.531077, -0.375202, -0.759723, -1.2e-05, 0.0, 0.0, 0.0, 1.0],
                [0.842193, -0.154252, -0.51664, -0.141663, 0.0931, -0.902207, 0.421134, 0.03421, -0.531077, -0.402775, -0.745472, 0.001644, 0.0, 0.0, 0.0, 1.0],
                [0.842193, -0.135227, -0.521943, -0.125006, 0.0931, -0.917026, 0.387809, -0.002831, -0.531077, -0.375202, -0.759723, -1.2e-05, 0.0, 0.0, 0.0, 1.0],
                [0.842193, -0.135227, -0.521943, -0.125006, 0.0931, -0.917026, 0.387809, -0.002831, -0.531077, -0.375202, -0.759723, -1.2e-05, 0.0, 0.0, 0.0, 1.0],
                [0.842193, -0.135227, -0.521943, -0.125006, 0.0931, -0.917026, 0.387809, -0.002831, -0.531077, -0.375202, -0.759723, -1.2e-05, 0.0, 0.0, 0.0, 1.0],
                [0.842193, -0.135227, -0.521943, -0.125006, 0.0931, -0.917026, 0.387809, -0.002831, -0.531077, -0.375202, -0.759723, -1.2e-05, 0.0, 0.0, 0.0, 1.0]
            ]
        },
        {
            "name": "Leg_L",
            "time": [0.0, 4.4833, 8.65, 9.5167, 10.8667, 17.6833],
            "transform": [
                [0.998577, 0.053235, -0.003397, -0.0, -0.051599, 0.980122, 0.191569, 0.37472, 0.013527, -0.191121, 0.981474, -0.0, 0.0, 0.0, 0.0, 1.0],
                [0.998576, 0.05308, 0.005288, -0.0, -0.051599, 0.936034, 0.348104, 0.37472, 0.013527, -0.347881, 0.937441, 0.0, 0.0, 0.0, 0.0, 1.0],
                [0.998577, 0.053235, -0.003397, -0.0, -0.051599, 0.980122, 0.191569, 0.37472, 0.013527, -0.191121, 0.981474, -0.0, 0.0, 0.0, 0.0, 1.0],
                [0.998577, 0.053235, -0.003397, -0.0, -0.051599, 0.980122, 0.191569, 0.37472, 0.013527, -0.191121, 0.981474, -0.0, 0.0, 0.0, 0.0, 1.0],
                [0.998577, 0.053235, -0.003397, -0.0, -0.051599, 0.980122, 0.191569, 0.37472, 0.013527, -0.191121, 0.981474, -0.0, 0.0, 0.0, 0.0, 1.0],
                [0.998577, 0.053235, -0.003397, -0.0, -0.051599, 0.980122, 0.191569, 0.37472, 0.013527, -0.191121, 0.981474, -0.0, 0.0, 0.0, 0.0, 1.0]
            ]
        },
        {
            "name": "Knee_L",
            "time": [0.0, 8.65, 9.5167, 10.8667, 17.6833],
            "transform": [
                [1.0, 0.0, -0.0, -0.0, -0.0, 1e-06, -1.0, 0.37472, -0.0, 1.0, 1e-06, -0.0, 0.0, 0.0, 0.0, 1.0],
                [1.0, 0.0, -0.0, -0.0, -0.0, 1e-06, -1.0, 0.37472, -0.0, 1.0, 1e-06, -0.0, 0.0, 0.0, 0.0, 1.0],
                [1.0, 0.0, -0.0, -0.0, -0.0, 1e-06, -1.0, 0.37472, -0.0, 1.0, 1e-06, -0.0, 0.0, 0.0, 0.0, 1.0],
                [1.0, 0.0, -0.0, -0.0, -0.0, 1e-06, -1.0, 0.37472, -0.0, 1.0, 1e-06, -0.0, 0.0, 0.0, 0.0, 1.0],
                [1.0, 0.0, -0.0, -0.0, -0.0, 1e-06, -1.0, 0.37472, -0.0, 1.0, 1e-06, -0.0, 0.0, 0.0, 0.0, 1.0]
            ]
        },
        {
            "name": "Torso",
            "time": [0.0, 4.4833, 8.65, 9.5167, 10.8667, 17.6833],